"","X","GI01","GI02","GI03","GI04","GI05","GI06","GI07","GI08","GI09","GI10","GI11","GamingAddiction","GeneralHealth","MentalHealth","SelfEsteem","Academic_Social_Impact","Gender_Label","Area_Label","Employement_Label","Education_Label","Income_Label","Device_Label","GameType_Label","GameTime_Label","Internet_Label","Devices_Count"
"1",1,20,0,1,0,2,3,3,1,2,4,2,2.666666667,3,2,2.8,3.333333333,"Male","Urban","Unemployed","12 years","70,000 - 100,000","Mobile Phone","Action Games","1 to 5 hours","WiFi Hotspot",2
"2",2,20,1,0,0,1,4,3,1,4,3,3,3.111111111,2.111111111,1,3.3,2.333333333,"Female","Rural","Unemployed","Less than 12 years","More than 100,000","Mobile Phone","Action Games",NA,"Mobile Data",3
"3",3,12,0,1,0,1,3,3,1,2,4,1,2.666666667,2.444444444,1.857142857,3.4,2.666666667,"Male","Urban","Unemployed","Less than 12 years","70,000 - 100,000","Mobile Phone","Action Games","1 to 5 hours","WiFi Hotspot",1
"4",4,14,0,1,0,1,3,3,1,2,4,2,2.333333333,2,2.285714286,3,2.666666667,"Male","Urban","Unemployed","Less than 12 years","70,000 - 100,000","Mobile Phone","Action Games","1 to 5 hours","WiFi Hotspot",2
"5",5,18,0,1,0,2,4,3,6,3,3,1,3.222222222,2.888888889,2.857142857,4.2,4,"Male","Urban","Unemployed","12 years","More than 100,000","Mobile Phone","Sports Games","5 to 10 hours","Mobile Data",1
"6",6,19,0,1,0,2,4,2,5,2,3,2,3.555555556,3.111111111,2.857142857,3.6,3.333333333,"Male","Urban","Unemployed","12 years","More than 100,000","PC/Laptop","Simulation Games","1 to 5 hours","Mobile Data",2
"7",7,20,0,1,0,2,4,2,5,2,4,2,3.222222222,2.888888889,3,3.6,4,"Male","Urban","Unemployed","12 years","More than 100,000","PC/Laptop","Simulation Games","1 to 5 hours","WiFi Hotspot",2
"8",8,18,0,1,0,2,4,3,5,2,3,2,3.555555556,3,3,2.5,4,"Male","Urban","Unemployed","12 years","More than 100,000","Mobile Phone","Simulation Games","1 to 5 hours","Mobile Data",2
"9",9,17,0,1,0,2,4,2,5,3,2,2,3.888888889,3.444444444,3.285714286,3.6,3.333333333,"Male","Urban","Unemployed","12 years","More than 100,000","PC/Laptop","Simulation Games","5 to 10 hours","Fiber Optics",2
"10",10,18,0,1,0,1,4,2,4,3,4,3,3.444444444,2.888888889,3.142857143,3.6,2.666666667,"Male","Urban","Unemployed","Less than 12 years","More than 100,000","PC/Laptop","Role-Playing Games","5 to 10 hours","WiFi Hotspot",3
"11",11,20,0,1,0,2,4,2,6,2,3,2,3.777777778,3.111111111,3,3.7,3.666666667,"Male","Urban","Unemployed","12 years","More than 100,000","PC/Laptop","Sports Games","1 to 5 hours","Mobile Data",2
"12",12,18,0,1,0,2,4,2,6,2,4,4,3.444444444,3.333333333,3.285714286,3.9,3.666666667,"Male","Urban","Unemployed","12 years","More than 100,000","PC/Laptop","Sports Games","1 to 5 hours","WiFi Hotspot",4
"13",13,18,0,1,0,2,3,2,6,2,3,2,3.888888889,3.111111111,3.142857143,4,3.333333333,"Male","Urban","Unemployed","12 years","70,000 - 100,000","PC/Laptop","Sports Games","1 to 5 hours","Mobile Data",2
"14",14,18,0,1,0,2,3,2,6,2,3,2,3.555555556,3.333333333,3.142857143,3.5,3,"Male","Urban","Unemployed","12 years","70,000 - 100,000","PC/Laptop","Sports Games","1 to 5 hours","Mobile Data",2
"15",15,20,0,1,0,2,4,2,1,2,4,2,3.777777778,3.333333333,3.142857143,3.4,3.333333333,"Male","Urban","Unemployed","12 years","More than 100,000","PC/Laptop","Action Games","1 to 5 hours","WiFi Hotspot",2
"16",16,20,0,1,0,2,3,3,4,2,4,1,3.333333333,3,3.142857143,3.5,3,"Male","Urban","Unemployed","12 years","70,000 - 100,000","Mobile Phone","Role-Playing Games","1 to 5 hours","WiFi Hotspot",1
"17",17,18,0,1,0,2,4,3,4,2,4,2,3.111111111,3.111111111,3.142857143,3.5,3.333333333,"Male","Urban","Unemployed","12 years","More than 100,000","Mobile Phone","Role-Playing Games","1 to 5 hours","WiFi Hotspot",2
"18",18,17,0,1,0,1,3,2,7,2,3,2,3.888888889,3.222222222,3,3.2,4.666666667,"Male","Urban","Unemployed","Less than 12 years","70,000 - 100,000","PC/Laptop","Strategy Games","1 to 5 hours","Mobile Data",2
"19",19,18,0,1,0,2,3,2,6,1,3,1,3.777777778,3.333333333,3,3.5,3.333333333,"Male","Urban","Unemployed","12 years","70,000 - 100,000","PC/Laptop","Sports Games","Less than 1 hour","Mobile Data",1
"20",20,18,0,1,0,2,4,2,4,3,4,2,3.888888889,3.333333333,2.857142857,3.4,3.333333333,"Male","Urban","Unemployed","12 years","More than 100,000","PC/Laptop","Role-Playing Games","5 to 10 hours","WiFi Hotspot",2
"21",21,19,0,1,0,2,4,2,6,1,3,1,4,3.555555556,3.142857143,3.9,4,"Male","Urban","Unemployed","12 years","More than 100,000","PC/Laptop","Sports Games","Less than 1 hour","Mobile Data",1
"22",22,20,0,1,0,2,4,1,8,1,1,1,3.888888889,3.222222222,3.142857143,3.4,4,"Male","Urban","Unemployed","12 years","More than 100,000","Console","Other","Less than 1 hour","DSL",1
"23",23,19,0,1,0,2,4,2,2,2,4,2,4,3.333333333,3,4,4.333333333,"Male","Urban","Unemployed","12 years","More than 100,000","PC/Laptop","Adventure Games","1 to 5 hours","WiFi Hotspot",2
"24",24,17,0,1,0,2,4,2,2,2,4,2,4,3.111111111,3.142857143,3.6,4,"Male","Urban","Unemployed","12 years","More than 100,000","PC/Laptop","Adventure Games","1 to 5 hours","WiFi Hotspot",2
"25",25,18,0,1,0,2,4,2,6,2,4,1,3.888888889,3.333333333,3.428571429,3.9,3.666666667,"Male","Urban","Unemployed","12 years","More than 100,000","PC/Laptop","Sports Games","1 to 5 hours","WiFi Hotspot",1
"26",26,17,0,1,0,2,4,3,4,2,2,2,3.888888889,3.333333333,3.142857143,3.7,3.666666667,"Male","Urban","Unemployed","12 years","More than 100,000","Mobile Phone","Role-Playing Games","1 to 5 hours","Fiber Optics",2
"27",27,18,0,1,0,2,4,2,6,2,4,1,3.888888889,3.111111111,3,4.1,4.333333333,"Male","Urban","Unemployed","12 years","More than 100,000","PC/Laptop","Sports Games","1 to 5 hours","WiFi Hotspot",1
"28",28,20,0,1,0,2,4,2,6,1,4,2,3.666666667,3.111111111,3.285714286,3.6,4,"Male","Urban","Unemployed","12 years","More than 100,000","PC/Laptop","Sports Games","Less than 1 hour","WiFi Hotspot",2
"29",29,18,0,1,0,2,4,2,4,2,4,1,3.888888889,3.111111111,3.142857143,3.7,3.666666667,"Male","Urban","Unemployed","12 years","More than 100,000","PC/Laptop","Role-Playing Games","1 to 5 hours","WiFi Hotspot",1
"30",30,18,0,1,0,2,3,2,2,2,4,1,3.888888889,3.333333333,3.285714286,3.7,3.666666667,"Male","Urban","Unemployed","12 years","70,000 - 100,000","PC/Laptop","Adventure Games","1 to 5 hours","WiFi Hotspot",1
"31",31,18,0,1,0,2,4,2,5,1,4,1,3.222222222,2.888888889,2.714285714,3.7,3.666666667,"Male","Urban","Unemployed","12 years","More than 100,000","PC/Laptop","Simulation Games","Less than 1 hour","WiFi Hotspot",1
"32",32,20,0,1,0,2,3,2,1,3,4,2,3.888888889,3.111111111,2.857142857,3.5,3.666666667,"Male","Urban","Unemployed","12 years","70,000 - 100,000","PC/Laptop","Action Games","5 to 10 hours","WiFi Hotspot",2
"33",33,19,0,1,0,2,3,2,1,2,4,2,3.222222222,3.222222222,3.285714286,3.7,4,"Male","Urban","Unemployed","12 years","70,000 - 100,000","PC/Laptop","Action Games","1 to 5 hours","WiFi Hotspot",2
"34",34,18,0,1,0,2,2,2,6,2,4,1,3.888888889,3.111111111,3,3.3,3.333333333,"Male","Urban","Unemployed","12 years","30,000 - 50,000","PC/Laptop","Sports Games","1 to 5 hours","WiFi Hotspot",1
"35",35,19,0,1,0,2,4,2,4,2,4,2,3.777777778,3.111111111,3.428571429,3.2,4.333333333,"Male","Urban","Unemployed","12 years","More than 100,000","PC/Laptop","Role-Playing Games","1 to 5 hours","WiFi Hotspot",2
"36",36,17,0,1,0,2,3,3,6,2,4,2,3.666666667,2.555555556,3.142857143,3.7,3,"Male","Urban","Unemployed","12 years","70,000 - 100,000","Mobile Phone","Sports Games","1 to 5 hours","WiFi Hotspot",2
"37",37,20,0,1,0,2,1,2,6,2,3,2,3.555555556,3.222222222,2.857142857,3.6,3,"Male","Urban","Unemployed","12 years","Less than 30,000","PC/Laptop","Sports Games","1 to 5 hours","Mobile Data",2
"38",38,18,0,1,0,2,4,2,1,2,4,1,3.333333333,3.222222222,2.714285714,3.8,3.333333333,"Male","Urban","Unemployed","12 years","More than 100,000","PC/Laptop","Action Games","1 to 5 hours","WiFi Hotspot",1
"39",39,19,0,1,0,2,3,2,6,2,3,2,3.444444444,3,2.857142857,3.4,2.666666667,"Male","Urban","Unemployed","12 years","70,000 - 100,000","PC/Laptop","Sports Games","1 to 5 hours","Mobile Data",2
"40",40,17,1,1,0,2,3,3,3,2,4,1,3.333333333,3.555555556,4,3.1,4,"Female","Urban","Unemployed","12 years","70,000 - 100,000","Mobile Phone","Casual Games","1 to 5 hours","WiFi Hotspot",1
"41",41,16,0,1,0,2,2,2,4,2,1,2,3.111111111,3.555555556,4,3,4,"Male","Urban","Unemployed","12 years","30,000 - 50,000","PC/Laptop","Role-Playing Games","1 to 5 hours","DSL",2
"42",42,17,1,0,1,2,3,3,4,1,3,1,2.777777778,2.222222222,2.714285714,2.7,2,"Female","Rural","Employed","12 years","70,000 - 100,000","Mobile Phone","Role-Playing Games","Less than 1 hour","Mobile Data",1
"43",43,16,0,0,0,2,2,3,4,2,3,1,3.888888889,2.666666667,2.857142857,3.9,3.333333333,"Male","Rural","Unemployed","12 years","30,000 - 50,000","Mobile Phone","Role-Playing Games","1 to 5 hours","Mobile Data",1
"44",44,15,1,1,0,1,2,3,3,2,4,1,2.777777778,2.555555556,NA,3.7,3,"Female","Urban","Unemployed","Less than 12 years","30,000 - 50,000","Mobile Phone","Casual Games","1 to 5 hours","WiFi Hotspot",1
"45",45,16,1,1,0,1,2,3,7,1,3,2,3.555555556,2.444444444,2.857142857,3,3,"Female","Urban","Unemployed","Less than 12 years","30,000 - 50,000","Mobile Phone","Strategy Games","Less than 1 hour","Mobile Data",2
"46",46,17,1,0,0,2,3,3,2,1,1,1,3.444444444,2.777777778,3,2.8,2,"Female","Rural","Unemployed","12 years","70,000 - 100,000","Mobile Phone","Adventure Games","Less than 1 hour","DSL",1
"47",47,17,1,0,1,2,4,2,5,3,2,1,3.222222222,2.888888889,3.142857143,3.1,2.333333333,"Female","Rural","Employed","12 years","More than 100,000","PC/Laptop","Simulation Games","5 to 10 hours","Fiber Optics",1
"48",48,16,0,1,0,2,2,3,4,2,4,2,3.333333333,3,2.857142857,3.2,2.333333333,"Male","Urban","Unemployed","12 years","30,000 - 50,000","Mobile Phone","Role-Playing Games","1 to 5 hours","WiFi Hotspot",2
"49",49,15,0,1,0,1,2,3,4,2,3,1,2.888888889,3,2.857142857,3.2,3,"Male","Urban","Unemployed","Less than 12 years","30,000 - 50,000","Mobile Phone","Role-Playing Games","1 to 5 hours","Mobile Data",1
"50",50,20,1,1,1,3,2,3,1,1,4,1,3.222222222,2.444444444,2.428571429,2.1,3.666666667,"Female","Urban","Employed","Other","30,000 - 50,000","Mobile Phone","Action Games","Less than 1 hour","WiFi Hotspot",1
"51",51,15,1,1,0,2,NA,3,6,2,4,1,2.222222222,2.333333333,2.428571429,3.1,1.666666667,"Female","Urban","Unemployed","12 years",NA,"Mobile Phone","Sports Games","1 to 5 hours","WiFi Hotspot",1
"52",52,20,0,1,1,3,4,3,7,3,3,2,3.666666667,2.111111111,2.285714286,2.6,2,"Male","Urban","Employed","Other","More than 100,000","Mobile Phone","Strategy Games","5 to 10 hours","Mobile Data",2
"53",53,16,1,1,0,1,4,3,1,1,4,1,1.666666667,2.666666667,2.142857143,3.2,2,"Female","Urban","Unemployed","Less than 12 years","More than 100,000","Mobile Phone","Action Games","Less than 1 hour","WiFi Hotspot",1
"54",54,16,1,1,0,2,3,3,6,1,4,1,2.222222222,2.222222222,1.857142857,2.9,2.333333333,"Female","Urban","Unemployed","12 years","70,000 - 100,000","Mobile Phone","Sports Games","Less than 1 hour","WiFi Hotspot",1
"55",55,15,1,1,0,1,2,3,1,1,3,1,1.555555556,2,2.428571429,3.5,1,"Female","Urban","Unemployed","Less than 12 years","30,000 - 50,000","Mobile Phone","Action Games","Less than 1 hour","Mobile Data",1
"56",56,18,1,1,0,2,2,3,7,1,4,1,2.444444444,2,2,3.3,2.666666667,"Female","Urban","Unemployed","12 years","30,000 - 50,000","Mobile Phone","Strategy Games","Less than 1 hour","WiFi Hotspot",1
"57",57,18,1,1,0,2,2,3,2,2,4,1,2.222222222,1.777777778,2.285714286,2.7,1.666666667,"Female","Urban","Unemployed","12 years","30,000 - 50,000","Mobile Phone","Adventure Games","1 to 5 hours","WiFi Hotspot",1
"58",58,17,1,1,0,2,2,2,6,1,4,1,2.555555556,2,2.285714286,3.1,1,"Female","Urban","Unemployed","12 years","30,000 - 50,000","PC/Laptop","Sports Games","Less than 1 hour","WiFi Hotspot",1
"59",59,16,1,1,0,2,NA,3,8,2,4,1,3.222222222,2,1.833333333,3.2,2,"Female","Urban","Unemployed","12 years",NA,"Mobile Phone","Other","1 to 5 hours","WiFi Hotspot",1
"60",60,17,1,1,0,2,NA,3,6,1,3,1,2.444444444,2.888888889,3,3.3,1.666666667,"Female","Urban","Unemployed","12 years",NA,"Mobile Phone","Sports Games","Less than 1 hour","Mobile Data",1
"61",61,16,1,1,1,1,2,3,6,1,2,1,2.222222222,2.333333333,2.142857143,3.4,2,"Female","Urban","Employed","Less than 12 years","30,000 - 50,000","Mobile Phone","Sports Games","Less than 1 hour","Fiber Optics",1
"62",62,18,2,0,0,2,3,3,6,1,3,1,2.111111111,2.222222222,3,2.7,2,"Others","Rural","Unemployed","12 years","70,000 - 100,000","Mobile Phone","Sports Games","Less than 1 hour","Mobile Data",1
"63",63,14,1,1,NA,3,2,3,6,1,2,NA,1.777777778,1.555555556,1.857142857,2.8,2.333333333,"Female","Urban",NA,"Other","30,000 - 50,000","Mobile Phone","Sports Games","Less than 1 hour","Fiber Optics",NA
"64",64,16,1,1,0,1,4,3,6,1,2,NA,1.777777778,1.666666667,1.857142857,3,2,"Female","Urban","Unemployed","Less than 12 years","More than 100,000","Mobile Phone","Sports Games","Less than 1 hour","Fiber Optics",NA
"65",65,15,1,1,0,NA,NA,NA,6,1,2,NA,1.875,1.555555556,1.857142857,3.333333333,2,"Female","Urban","Unemployed",NA,NA,NA,"Sports Games","Less than 1 hour","Fiber Optics",NA
"66",66,17,0,1,0,1,1,3,1,1,2,2,2.111111111,1.666666667,2.333333333,3.5,2.333333333,"Male","Urban","Unemployed","Less than 12 years","Less than 30,000","Mobile Phone","Action Games","Less than 1 hour","Fiber Optics",2
"67",67,15,0,1,0,1,3,3,2,2,2,2,2.555555556,2.777777778,2.571428571,2.8,4,"Male","Urban","Unemployed","Less than 12 years","70,000 - 100,000","Mobile Phone","Adventure Games","1 to 5 hours","Fiber Optics",2
"68",68,21,1,1,0,3,2,3,1,2,2,2,3.111111111,2.888888889,2.857142857,3.6,2.666666667,"Female","Urban","Unemployed","Other","30,000 - 50,000","Mobile Phone","Action Games","1 to 5 hours","Fiber Optics",2
"69",69,17,1,1,0,2,2,3,3,1,4,1,1,1,1,2.4,1,"Female","Urban","Unemployed","12 years","30,000 - 50,000","Mobile Phone","Casual Games","Less than 1 hour","WiFi Hotspot",1
"70",70,17,1,1,0,2,3,3,3,2,4,1,1.888888889,3,3.714285714,2.7,2.333333333,"Female","Urban","Unemployed","12 years","70,000 - 100,000","Mobile Phone","Casual Games","1 to 5 hours","WiFi Hotspot",1
"71",71,17,1,1,0,2,2,3,3,2,4,1,1.444444444,2.444444444,3.285714286,3.5,2,"Female","Urban","Unemployed","12 years","30,000 - 50,000","Mobile Phone","Casual Games","1 to 5 hours","WiFi Hotspot",1
"72",72,18,1,1,0,2,1,3,2,2,4,1,1.666666667,2.222222222,2.714285714,3.3,1.333333333,"Female","Urban","Unemployed","12 years","Less than 30,000","Mobile Phone","Adventure Games","1 to 5 hours","WiFi Hotspot",1
"73",73,18,0,0,2,2,4,3,1,3,4,2,3,2.777777778,2.428571429,3.444444444,2.666666667,"Male","Rural",NA,"12 years","More than 100,000","Mobile Phone","Action Games","5 to 10 hours","WiFi Hotspot",2
"74",74,19,0,1,1,1,4,2,1,2,2,2,2.666666667,2.111111111,2.285714286,3.2,2,"Male","Urban","Employed","Less than 12 years","More than 100,000","PC/Laptop","Action Games","1 to 5 hours","Fiber Optics",2
"75",75,17,0,1,0,2,4,1,7,2,1,2,2.555555556,1.666666667,1.571428571,3.5,2.333333333,"Male","Urban","Unemployed","12 years","More than 100,000","Console","Strategy Games","1 to 5 hours","DSL",2
"76",76,16,0,1,0,1,1,3,6,1,3,1,1.111111111,1.111111111,1.142857143,2.7,1.333333333,"Male","Urban","Unemployed","Less than 12 years","Less than 30,000","Mobile Phone","Sports Games","Less than 1 hour","Mobile Data",1
"77",77,17,0,1,0,1,3,3,3,1,4,1,1.888888889,1.666666667,1.714285714,2.9,1.333333333,"Male","Urban","Unemployed","Less than 12 years","70,000 - 100,000","Mobile Phone","Casual Games","Less than 1 hour","WiFi Hotspot",1
"78",78,17,0,1,0,1,4,3,6,2,3,3,2.111111111,2,1.714285714,3.5,2,"Male","Urban","Unemployed","Less than 12 years","More than 100,000","Mobile Phone","Sports Games","1 to 5 hours","Mobile Data",3
"79",79,17,0,1,0,1,1,3,6,2,3,2,1.888888889,1.555555556,1.571428571,2.7,1.333333333,"Male","Urban","Unemployed","Less than 12 years","Less than 30,000","Mobile Phone","Sports Games","1 to 5 hours","Mobile Data",2
"80",80,17,0,1,0,2,2,1,1,2,4,1,2.444444444,2.222222222,1.714285714,3.3,2,"Male","Urban","Unemployed","12 years","30,000 - 50,000","Console","Action Games","1 to 5 hours","WiFi Hotspot",1
"81",81,16,1,1,0,1,2,3,2,1,4,NA,1.888888889,1.444444444,1.571428571,3.8,1.333333333,"Female","Urban","Unemployed","Less than 12 years","30,000 - 50,000","Mobile Phone","Adventure Games","Less than 1 hour","WiFi Hotspot",NA
"82",82,16,1,1,0,1,2,2,2,1,4,NA,1.888888889,1.444444444,1.285714286,3.9,1,"Female","Urban","Unemployed","Less than 12 years","30,000 - 50,000","PC/Laptop","Adventure Games","Less than 1 hour","WiFi Hotspot",NA
"83",83,16,1,1,0,1,3,1,2,2,3,NA,3,1.555555556,1.428571429,3.9,1.333333333,"Female","Urban","Unemployed","Less than 12 years","70,000 - 100,000","Console","Adventure Games","1 to 5 hours","Mobile Data",NA
"84",84,17,1,1,0,1,1,3,3,1,4,1,1.777777778,1.888888889,2.142857143,3.5,2,"Female","Urban","Unemployed","Less than 12 years","Less than 30,000","Mobile Phone","Casual Games","Less than 1 hour","WiFi Hotspot",1
"85",85,17,1,1,0,NA,1,3,6,1,4,1,1.777777778,1.777777778,2.857142857,3.5,1.666666667,"Female","Urban","Unemployed",NA,"Less than 30,000","Mobile Phone","Sports Games","Less than 1 hour","WiFi Hotspot",1
"86",86,18,1,1,0,2,2,3,3,2,4,1,3.111111111,3.555555556,3,3.7,4.333333333,"Female","Urban","Unemployed","12 years","30,000 - 50,000","Mobile Phone","Casual Games","1 to 5 hours","WiFi Hotspot",1
"87",87,16,1,1,0,2,3,3,3,2,4,1,2.777777778,3,2.714285714,3.9,2.333333333,"Female","Urban","Unemployed","12 years","70,000 - 100,000","Mobile Phone","Casual Games","1 to 5 hours","WiFi Hotspot",1
"88",88,17,1,1,0,2,1,3,2,2,2,1,1.222222222,3,3.428571429,3.6,3,"Female","Urban","Unemployed","12 years","Less than 30,000","Mobile Phone","Adventure Games","1 to 5 hours","Fiber Optics",1
"89",89,17,1,1,0,1,2,3,2,1,4,1,2,1.777777778,1.857142857,4,2,"Female","Urban","Unemployed","Less than 12 years","30,000 - 50,000","Mobile Phone","Adventure Games","Less than 1 hour","WiFi Hotspot",1
"90",90,17,1,0,0,1,2,4,6,2,4,5,3.222222222,3.111111111,2.714285714,4,3.666666667,"Female","Rural","Unemployed","Less than 12 years","30,000 - 50,000","Other","Sports Games","1 to 5 hours","WiFi Hotspot",5
"91",91,18,1,1,0,1,1,3,6,1,4,1,2.777777778,2.333333333,1.714285714,3.9,2.333333333,"Female","Urban","Unemployed","Less than 12 years","Less than 30,000","Mobile Phone","Sports Games","Less than 1 hour","WiFi Hotspot",1
"92",92,17,1,1,0,2,3,3,2,2,4,2,2.111111111,1.555555556,1.571428571,2.9,2,"Female","Urban","Unemployed","12 years","70,000 - 100,000","Mobile Phone","Adventure Games","1 to 5 hours","WiFi Hotspot",2
"93",93,18,1,1,0,2,3,3,3,1,4,1,1.333333333,1.111111111,1.285714286,2.9,1.333333333,"Female","Urban","Unemployed","12 years","70,000 - 100,000","Mobile Phone","Casual Games","Less than 1 hour","WiFi Hotspot",1
"94",94,17,1,1,0,1,4,3,3,1,4,1,1.777777778,1.777777778,2.857142857,3.6,1.666666667,"Female","Urban","Unemployed","Less than 12 years","More than 100,000","Mobile Phone","Casual Games","Less than 1 hour","WiFi Hotspot",1
"95",95,17,1,1,0,2,4,3,6,2,4,1,2,2.333333333,3.428571429,5.2,3.333333333,"Female","Urban","Unemployed","12 years","More than 100,000","Mobile Phone","Sports Games","1 to 5 hours","WiFi Hotspot",1
"96",96,17,0,1,0,1,3,3,1,4,3,1,2.875,2.222222222,1.428571429,2.666666667,1.666666667,"Male","Urban","Unemployed","Less than 12 years","70,000 - 100,000","Mobile Phone","Action Games",NA,"Mobile Data",1
"97",97,16,0,1,0,1,4,2,7,2,2,3,2.222222222,1.444444444,1.571428571,2.4,2.666666667,"Male","Urban","Unemployed","Less than 12 years","More than 100,000","PC/Laptop","Strategy Games","1 to 5 hours","Fiber Optics",3
"98",98,16,0,1,0,1,4,3,1,2,2,2,1.666666667,1,1,2.8,1,"Male","Urban","Unemployed","Less than 12 years","More than 100,000","Mobile Phone","Action Games","1 to 5 hours","Fiber Optics",2
"99",99,15,0,1,0,1,3,3,4,2,4,NA,4,1,2,3,2.666666667,"Male","Urban","Unemployed","Less than 12 years","70,000 - 100,000","Mobile Phone","Role-Playing Games","1 to 5 hours","WiFi Hotspot",NA
"100",100,15,0,1,0,1,2,4,6,2,2,NA,2.666666667,1.555555556,2.714285714,2.5,1.666666667,"Male","Urban","Unemployed","Less than 12 years","30,000 - 50,000","Other","Sports Games","1 to 5 hours","Fiber Optics",NA
"101",101,16,0,1,0,1,4,3,4,1,2,4,1.666666667,1.888888889,1.428571429,3.2,1.333333333,"Male","Urban","Unemployed","Less than 12 years","More than 100,000","Mobile Phone","Role-Playing Games","Less than 1 hour","Fiber Optics",4
"102",102,16,0,1,0,1,4,2,6,2,2,1,1.888888889,1.777777778,1.285714286,3,1.333333333,"Male","Urban","Unemployed","Less than 12 years","More than 100,000","PC/Laptop","Sports Games","1 to 5 hours","Fiber Optics",1
"103",103,16,0,1,0,2,3,3,1,2,2,2,1.555555556,1.777777778,1.571428571,2.6,2.666666667,"Male","Urban","Unemployed","12 years","70,000 - 100,000","Mobile Phone","Action Games","1 to 5 hours","Fiber Optics",2
"104",104,17,0,1,0,1,2,2,1,1,2,1,3.333333333,1.666666667,1.428571429,3,2.333333333,"Male","Urban","Unemployed","Less than 12 years","30,000 - 50,000","PC/Laptop","Action Games","Less than 1 hour","Fiber Optics",1
"105",105,16,0,1,0,1,2,3,2,2,2,1,1.888888889,1.666666667,1.285714286,3.3,1,"Male","Urban","Unemployed","Less than 12 years","30,000 - 50,000","Mobile Phone","Adventure Games","1 to 5 hours","Fiber Optics",1
"106",106,17,0,1,0,1,2,3,1,2,4,1,1.777777778,1,2.285714286,3.2,1,"Male","Urban","Unemployed","Less than 12 years","30,000 - 50,000","Mobile Phone","Action Games","1 to 5 hours","WiFi Hotspot",1
"107",107,18,1,1,0,2,3,3,6,1,2,2,2.111111111,2.333333333,2.714285714,3.9,3,"Female","Urban","Unemployed","12 years","70,000 - 100,000","Mobile Phone","Sports Games","Less than 1 hour","Fiber Optics",2
"108",108,17,1,1,0,2,2,2,3,1,4,2,1.444444444,1.444444444,1.857142857,4,1,"Female","Urban","Unemployed","12 years","30,000 - 50,000","PC/Laptop","Casual Games","Less than 1 hour","WiFi Hotspot",2
"109",109,16,1,1,0,2,2,2,6,1,4,1,3.222222222,2.111111111,1.285714286,1.4,1.666666667,"Female","Urban","Unemployed","12 years","30,000 - 50,000","PC/Laptop","Sports Games","Less than 1 hour","WiFi Hotspot",1
"110",110,16,1,1,0,2,3,2,2,1,4,2,1.777777778,1.444444444,1.285714286,3.5,1.333333333,"Female","Urban","Unemployed","12 years","70,000 - 100,000","PC/Laptop","Adventure Games","Less than 1 hour","WiFi Hotspot",2
"111",111,16,1,1,0,1,2,3,6,2,4,1,1.666666667,1.222222222,1.571428571,2.9,1.333333333,"Female","Urban","Unemployed","Less than 12 years","30,000 - 50,000","Mobile Phone","Sports Games","1 to 5 hours","WiFi Hotspot",1
"112",112,16,1,1,0,1,1,3,6,1,4,2,1.777777778,1.666666667,1.571428571,2.7,1.333333333,"Female","Urban","Unemployed","Less than 12 years","Less than 30,000","Mobile Phone","Sports Games","Less than 1 hour","WiFi Hotspot",2
"113",113,16,1,1,0,1,1,3,6,1,4,2,1.777777778,2,2.285714286,2.4,1.666666667,"Female","Urban","Unemployed","Less than 12 years","Less than 30,000","Mobile Phone","Sports Games","Less than 1 hour","WiFi Hotspot",2
"114",114,16,1,1,0,1,1,3,6,1,4,2,1.555555556,1.111111111,1.571428571,2.2,1.333333333,"Female","Urban","Unemployed","Less than 12 years","Less than 30,000","Mobile Phone","Sports Games","Less than 1 hour","WiFi Hotspot",2
"115",115,16,1,1,0,1,2,3,6,2,4,1,1.777777778,1.333333333,1.571428571,2.9,1.333333333,"Female","Urban","Unemployed","Less than 12 years","30,000 - 50,000","Mobile Phone","Sports Games","1 to 5 hours","WiFi Hotspot",1
"116",116,18,1,1,0,1,2,3,3,1,4,3,2,2.111111111,2.571428571,3,1.666666667,"Female","Urban","Unemployed","Less than 12 years","30,000 - 50,000","Mobile Phone","Casual Games","Less than 1 hour","WiFi Hotspot",3
"117",117,16,1,1,0,1,3,3,3,1,4,1,3.222222222,1.555555556,1.428571429,2.8,2,"Female","Urban","Unemployed","Less than 12 years","70,000 - 100,000","Mobile Phone","Casual Games","Less than 1 hour","WiFi Hotspot",1
"118",118,18,1,1,0,1,3,3,3,1,4,2,3,1.555555556,1.857142857,2.9,2.333333333,"Female","Urban","Unemployed","Less than 12 years","70,000 - 100,000","Mobile Phone","Casual Games","Less than 1 hour","WiFi Hotspot",2
"119",119,17,1,1,0,1,2,3,6,1,4,1,2.444444444,1.555555556,2.285714286,2.9,2.666666667,"Female","Urban","Unemployed","Less than 12 years","30,000 - 50,000","Mobile Phone","Sports Games","Less than 1 hour","WiFi Hotspot",1
"120",120,17,1,1,0,1,2,3,6,1,4,1,1.666666667,1.666666667,2,3.2,2,"Female","Urban","Unemployed","Less than 12 years","30,000 - 50,000","Mobile Phone","Sports Games","Less than 1 hour","WiFi Hotspot",1
"121",121,20,0,1,0,2,3,3,1,2,4,2,2.666666667,3,2,2.8,3.333333333,"Male","Urban","Unemployed","12 years","70,000 - 100,000","Mobile Phone","Action Games","1 to 5 hours","WiFi Hotspot",2
"122",122,20,1,0,0,1,4,3,1,4,3,3,3.111111111,2.111111111,1,3.3,2.333333333,"Female","Rural","Unemployed","Less than 12 years","More than 100,000","Mobile Phone","Action Games",NA,"Mobile Data",3
"123",123,12,0,1,0,1,3,3,1,2,4,1,2.666666667,2.444444444,1.857142857,3.4,2.666666667,"Male","Urban","Unemployed","Less than 12 years","70,000 - 100,000","Mobile Phone","Action Games","1 to 5 hours","WiFi Hotspot",1
"124",124,14,0,1,0,1,3,3,1,2,4,2,2.333333333,2,2.285714286,3,2.666666667,"Male","Urban","Unemployed","Less than 12 years","70,000 - 100,000","Mobile Phone","Action Games","1 to 5 hours","WiFi Hotspot",2
"125",125,18,0,1,0,2,4,3,6,3,3,1,3.222222222,2.888888889,2.857142857,4.2,4,"Male","Urban","Unemployed","12 years","More than 100,000","Mobile Phone","Sports Games","5 to 10 hours","Mobile Data",1
"126",126,19,0,1,0,2,4,2,5,2,3,2,3.555555556,3.111111111,2.857142857,3.6,3.333333333,"Male","Urban","Unemployed","12 years","More than 100,000","PC/Laptop","Simulation Games","1 to 5 hours","Mobile Data",2
"127",127,20,0,1,0,2,4,2,5,2,4,2,3.222222222,2.888888889,3,3.6,4,"Male","Urban","Unemployed","12 years","More than 100,000","PC/Laptop","Simulation Games","1 to 5 hours","WiFi Hotspot",2
"128",128,18,0,1,0,2,4,3,5,2,3,2,3.555555556,3,3,2.5,4,"Male","Urban","Unemployed","12 years","More than 100,000","Mobile Phone","Simulation Games","1 to 5 hours","Mobile Data",2
"129",129,17,0,1,0,2,4,2,5,3,2,2,3.888888889,3.444444444,3.285714286,3.6,3.333333333,"Male","Urban","Unemployed","12 years","More than 100,000","PC/Laptop","Simulation Games","5 to 10 hours","Fiber Optics",2
"130",130,18,0,1,0,1,4,2,4,3,4,3,3.444444444,2.888888889,3.142857143,3.6,2.666666667,"Male","Urban","Unemployed","Less than 12 years","More than 100,000","PC/Laptop","Role-Playing Games","5 to 10 hours","WiFi Hotspot",3
"131",131,20,0,1,0,2,4,2,6,2,3,2,3.777777778,3.111111111,3,3.7,3.666666667,"Male","Urban","Unemployed","12 years","More than 100,000","PC/Laptop","Sports Games","1 to 5 hours","Mobile Data",2
"132",132,18,0,1,0,2,4,2,6,2,4,4,3.444444444,3.333333333,3.285714286,3.9,3.666666667,"Male","Urban","Unemployed","12 years","More than 100,000","PC/Laptop","Sports Games","1 to 5 hours","WiFi Hotspot",4
"133",133,18,0,1,0,2,3,2,6,2,3,2,3.888888889,3.111111111,3.142857143,4,3.333333333,"Male","Urban","Unemployed","12 years","70,000 - 100,000","PC/Laptop","Sports Games","1 to 5 hours","Mobile Data",2
"134",134,18,0,1,0,2,3,2,6,2,3,2,3.555555556,3.333333333,3.142857143,3.5,3,"Male","Urban","Unemployed","12 years","70,000 - 100,000","PC/Laptop","Sports Games","1 to 5 hours","Mobile Data",2
"135",135,20,0,1,0,2,4,2,1,2,4,2,3.777777778,3.333333333,3.142857143,3.4,3.333333333,"Male","Urban","Unemployed","12 years","More than 100,000","PC/Laptop","Action Games","1 to 5 hours","WiFi Hotspot",2
"136",136,20,0,1,0,2,3,3,4,2,4,1,3.333333333,3,3.142857143,3.5,3,"Male","Urban","Unemployed","12 years","70,000 - 100,000","Mobile Phone","Role-Playing Games","1 to 5 hours","WiFi Hotspot",1
"137",137,18,0,1,0,2,4,3,4,2,4,2,3.111111111,3.111111111,3.142857143,3.5,3.333333333,"Male","Urban","Unemployed","12 years","More than 100,000","Mobile Phone","Role-Playing Games","1 to 5 hours","WiFi Hotspot",2
"138",138,17,0,1,0,1,3,2,7,2,3,2,3.888888889,3.222222222,3,3.2,4.666666667,"Male","Urban","Unemployed","Less than 12 years","70,000 - 100,000","PC/Laptop","Strategy Games","1 to 5 hours","Mobile Data",2
"139",139,18,0,1,0,2,3,2,6,1,3,1,3.777777778,3.333333333,3,3.5,3.333333333,"Male","Urban","Unemployed","12 years","70,000 - 100,000","PC/Laptop","Sports Games","Less than 1 hour","Mobile Data",1
"140",140,18,0,1,0,2,4,2,4,3,4,2,3.888888889,3.333333333,2.857142857,3.4,3.333333333,"Male","Urban","Unemployed","12 years","More than 100,000","PC/Laptop","Role-Playing Games","5 to 10 hours","WiFi Hotspot",2
"141",141,19,0,1,0,2,4,2,6,1,3,1,4,3.555555556,3.142857143,3.9,4,"Male","Urban","Unemployed","12 years","More than 100,000","PC/Laptop","Sports Games","Less than 1 hour","Mobile Data",1
"142",142,20,0,1,0,2,4,1,8,1,1,1,3.888888889,3.222222222,3.142857143,3.4,4,"Male","Urban","Unemployed","12 years","More than 100,000","Console","Other","Less than 1 hour","DSL",1
"143",143,19,0,1,0,2,4,2,2,2,4,2,4,3.333333333,3,4,4.333333333,"Male","Urban","Unemployed","12 years","More than 100,000","PC/Laptop","Adventure Games","1 to 5 hours","WiFi Hotspot",2
"144",144,17,0,1,0,2,4,2,2,2,4,2,4,3.111111111,3.142857143,3.6,4,"Male","Urban","Unemployed","12 years","More than 100,000","PC/Laptop","Adventure Games","1 to 5 hours","WiFi Hotspot",2
"145",145,18,0,1,0,2,4,2,6,2,4,1,3.888888889,3.333333333,3.428571429,3.9,3.666666667,"Male","Urban","Unemployed","12 years","More than 100,000","PC/Laptop","Sports Games","1 to 5 hours","WiFi Hotspot",1
"146",146,17,0,1,0,2,4,3,4,2,2,2,3.888888889,3.333333333,3.142857143,3.7,3.666666667,"Male","Urban","Unemployed","12 years","More than 100,000","Mobile Phone","Role-Playing Games","1 to 5 hours","Fiber Optics",2
"147",147,18,0,1,0,2,4,2,6,2,4,1,3.888888889,3.111111111,3,4.1,4.333333333,"Male","Urban","Unemployed","12 years","More than 100,000","PC/Laptop","Sports Games","1 to 5 hours","WiFi Hotspot",1
"148",148,20,0,1,0,2,4,2,6,1,4,2,3.666666667,3.111111111,3.285714286,3.6,4,"Male","Urban","Unemployed","12 years","More than 100,000","PC/Laptop","Sports Games","Less than 1 hour","WiFi Hotspot",2
"149",149,18,0,1,0,2,4,2,4,2,4,1,3.888888889,3.111111111,3.142857143,3.7,3.666666667,"Male","Urban","Unemployed","12 years","More than 100,000","PC/Laptop","Role-Playing Games","1 to 5 hours","WiFi Hotspot",1
"150",150,18,0,1,0,2,3,2,2,2,4,1,3.888888889,3.333333333,3.285714286,3.7,3.666666667,"Male","Urban","Unemployed","12 years","70,000 - 100,000","PC/Laptop","Adventure Games","1 to 5 hours","WiFi Hotspot",1
"151",151,18,0,1,0,2,4,2,5,1,4,1,3.222222222,2.888888889,2.714285714,3.7,3.666666667,"Male","Urban","Unemployed","12 years","More than 100,000","PC/Laptop","Simulation Games","Less than 1 hour","WiFi Hotspot",1
"152",152,20,0,1,0,2,3,2,1,3,4,2,3.888888889,3.111111111,2.857142857,3.5,3.666666667,"Male","Urban","Unemployed","12 years","70,000 - 100,000","PC/Laptop","Action Games","5 to 10 hours","WiFi Hotspot",2
"153",153,19,0,1,0,2,3,2,1,2,4,2,3.222222222,3.222222222,3.285714286,3.7,4,"Male","Urban","Unemployed","12 years","70,000 - 100,000","PC/Laptop","Action Games","1 to 5 hours","WiFi Hotspot",2
"154",154,18,0,1,0,2,2,2,6,2,4,1,3.888888889,3.111111111,3,3.3,3.333333333,"Male","Urban","Unemployed","12 years","30,000 - 50,000","PC/Laptop","Sports Games","1 to 5 hours","WiFi Hotspot",1
"155",155,19,0,1,0,2,4,2,4,2,4,2,3.777777778,3.111111111,3.428571429,3.2,4.333333333,"Male","Urban","Unemployed","12 years","More than 100,000","PC/Laptop","Role-Playing Games","1 to 5 hours","WiFi Hotspot",2
"156",156,17,0,1,0,2,3,3,6,2,4,2,3.666666667,2.555555556,3.142857143,3.7,3,"Male","Urban","Unemployed","12 years","70,000 - 100,000","Mobile Phone","Sports Games","1 to 5 hours","WiFi Hotspot",2
"157",157,20,0,1,0,2,1,2,6,2,3,2,3.555555556,3.222222222,2.857142857,3.6,3,"Male","Urban","Unemployed","12 years","Less than 30,000","PC/Laptop","Sports Games","1 to 5 hours","Mobile Data",2
"158",158,18,0,1,0,2,4,2,1,2,4,1,3.333333333,3.222222222,2.714285714,3.8,3.333333333,"Male","Urban","Unemployed","12 years","More than 100,000","PC/Laptop","Action Games","1 to 5 hours","WiFi Hotspot",1
"159",159,19,0,1,0,2,3,2,6,2,3,2,3.444444444,3,2.857142857,3.4,2.666666667,"Male","Urban","Unemployed","12 years","70,000 - 100,000","PC/Laptop","Sports Games","1 to 5 hours","Mobile Data",2
"160",160,17,1,1,0,2,3,3,3,2,4,1,3.333333333,3.555555556,4,3.1,4,"Female","Urban","Unemployed","12 years","70,000 - 100,000","Mobile Phone","Casual Games","1 to 5 hours","WiFi Hotspot",1
"161",161,16,0,1,0,2,2,2,4,2,1,2,3.111111111,3.555555556,4,3,4,"Male","Urban","Unemployed","12 years","30,000 - 50,000","PC/Laptop","Role-Playing Games","1 to 5 hours","DSL",2
"162",162,17,1,0,1,2,3,3,4,1,3,1,2.777777778,2.222222222,2.714285714,2.7,2,"Female","Rural","Employed","12 years","70,000 - 100,000","Mobile Phone","Role-Playing Games","Less than 1 hour","Mobile Data",1
"163",163,16,0,0,0,2,2,3,4,2,3,1,3.888888889,2.666666667,2.857142857,3.9,3.333333333,"Male","Rural","Unemployed","12 years","30,000 - 50,000","Mobile Phone","Role-Playing Games","1 to 5 hours","Mobile Data",1
"164",164,15,1,1,0,1,2,3,3,2,4,1,2.777777778,2.555555556,NA,3.7,3,"Female","Urban","Unemployed","Less than 12 years","30,000 - 50,000","Mobile Phone","Casual Games","1 to 5 hours","WiFi Hotspot",1
"165",165,16,1,1,0,1,2,3,7,1,3,2,3.555555556,2.444444444,2.857142857,3,3,"Female","Urban","Unemployed","Less than 12 years","30,000 - 50,000","Mobile Phone","Strategy Games","Less than 1 hour","Mobile Data",2
"166",166,17,1,0,0,2,3,3,2,1,1,1,3.444444444,2.777777778,3,2.8,2,"Female","Rural","Unemployed","12 years","70,000 - 100,000","Mobile Phone","Adventure Games","Less than 1 hour","DSL",1
"167",167,17,1,0,1,2,4,2,5,3,2,1,3.222222222,2.888888889,3.142857143,3.1,2.333333333,"Female","Rural","Employed","12 years","More than 100,000","PC/Laptop","Simulation Games","5 to 10 hours","Fiber Optics",1
"168",168,16,0,1,0,2,2,3,4,2,4,2,3.333333333,3,2.857142857,3.2,2.333333333,"Male","Urban","Unemployed","12 years","30,000 - 50,000","Mobile Phone","Role-Playing Games","1 to 5 hours","WiFi Hotspot",2
"169",169,15,0,1,0,1,2,3,4,2,3,1,2.888888889,3,2.857142857,3.2,3,"Male","Urban","Unemployed","Less than 12 years","30,000 - 50,000","Mobile Phone","Role-Playing Games","1 to 5 hours","Mobile Data",1
"170",170,20,1,1,1,3,2,3,1,1,4,1,3.222222222,2.444444444,2.428571429,2.1,3.666666667,"Female","Urban","Employed","Other","30,000 - 50,000","Mobile Phone","Action Games","Less than 1 hour","WiFi Hotspot",1
"171",171,15,1,1,0,2,NA,3,6,2,4,1,2.222222222,2.333333333,2.428571429,3.1,1.666666667,"Female","Urban","Unemployed","12 years",NA,"Mobile Phone","Sports Games","1 to 5 hours","WiFi Hotspot",1
"172",172,20,0,1,1,3,4,3,7,3,3,2,3.666666667,2.111111111,2.285714286,2.6,2,"Male","Urban","Employed","Other","More than 100,000","Mobile Phone","Strategy Games","5 to 10 hours","Mobile Data",2
"173",173,16,1,1,0,1,4,3,1,1,4,1,1.666666667,2.666666667,2.142857143,3.2,2,"Female","Urban","Unemployed","Less than 12 years","More than 100,000","Mobile Phone","Action Games","Less than 1 hour","WiFi Hotspot",1
"174",174,16,1,1,0,2,3,3,6,1,4,1,2.222222222,2.222222222,1.857142857,2.9,2.333333333,"Female","Urban","Unemployed","12 years","70,000 - 100,000","Mobile Phone","Sports Games","Less than 1 hour","WiFi Hotspot",1
"175",175,15,1,1,0,1,2,3,1,1,3,1,1.555555556,2,2.428571429,3.5,1,"Female","Urban","Unemployed","Less than 12 years","30,000 - 50,000","Mobile Phone","Action Games","Less than 1 hour","Mobile Data",1
"176",176,18,1,1,0,2,2,3,7,1,4,1,2.444444444,2,2,3.3,2.666666667,"Female","Urban","Unemployed","12 years","30,000 - 50,000","Mobile Phone","Strategy Games","Less than 1 hour","WiFi Hotspot",1
"177",177,18,1,1,0,2,2,3,2,2,4,1,2.222222222,1.777777778,2.285714286,2.7,1.666666667,"Female","Urban","Unemployed","12 years","30,000 - 50,000","Mobile Phone","Adventure Games","1 to 5 hours","WiFi Hotspot",1
"178",178,17,1,1,0,2,2,2,6,1,4,1,2.555555556,2,2.285714286,3.1,1,"Female","Urban","Unemployed","12 years","30,000 - 50,000","PC/Laptop","Sports Games","Less than 1 hour","WiFi Hotspot",1
"179",179,16,1,1,0,2,NA,3,8,2,4,1,3.222222222,2,1.833333333,3.2,2,"Female","Urban","Unemployed","12 years",NA,"Mobile Phone","Other","1 to 5 hours","WiFi Hotspot",1
"180",180,17,1,1,0,2,NA,3,6,1,3,1,2.444444444,2.888888889,3,3.3,1.666666667,"Female","Urban","Unemployed","12 years",NA,"Mobile Phone","Sports Games","Less than 1 hour","Mobile Data",1
"181",181,16,1,1,1,1,2,3,6,1,2,1,2.222222222,2.333333333,2.142857143,3.4,2,"Female","Urban","Employed","Less than 12 years","30,000 - 50,000","Mobile Phone","Sports Games","Less than 1 hour","Fiber Optics",1
"182",182,18,2,0,0,2,3,3,6,1,3,1,2.111111111,2.222222222,3,2.7,2,"Others","Rural","Unemployed","12 years","70,000 - 100,000","Mobile Phone","Sports Games","Less than 1 hour","Mobile Data",1
"183",183,14,1,1,NA,3,2,3,6,1,2,NA,1.777777778,1.555555556,1.857142857,2.8,2.333333333,"Female","Urban",NA,"Other","30,000 - 50,000","Mobile Phone","Sports Games","Less than 1 hour","Fiber Optics",NA
"184",184,16,1,1,0,1,4,3,6,1,2,NA,1.777777778,1.666666667,1.857142857,3,2,"Female","Urban","Unemployed","Less than 12 years","More than 100,000","Mobile Phone","Sports Games","Less than 1 hour","Fiber Optics",NA
"185",185,15,1,1,0,NA,NA,NA,6,1,2,NA,1.875,1.555555556,1.857142857,3.333333333,2,"Female","Urban","Unemployed",NA,NA,NA,"Sports Games","Less than 1 hour","Fiber Optics",NA
"186",186,17,0,1,0,1,1,3,1,1,2,2,2.111111111,1.666666667,2.333333333,3.5,2.333333333,"Male","Urban","Unemployed","Less than 12 years","Less than 30,000","Mobile Phone","Action Games","Less than 1 hour","Fiber Optics",2
"187",187,15,0,1,0,1,3,3,2,2,2,2,2.555555556,2.777777778,2.571428571,2.8,4,"Male","Urban","Unemployed","Less than 12 years","70,000 - 100,000","Mobile Phone","Adventure Games","1 to 5 hours","Fiber Optics",2
"188",188,21,1,1,0,3,2,3,1,2,2,2,3.111111111,2.888888889,2.857142857,3.6,2.666666667,"Female","Urban","Unemployed","Other","30,000 - 50,000","Mobile Phone","Action Games","1 to 5 hours","Fiber Optics",2
"189",189,17,1,1,0,2,2,3,3,1,4,1,1,1,1,2.4,1,"Female","Urban","Unemployed","12 years","30,000 - 50,000","Mobile Phone","Casual Games","Less than 1 hour","WiFi Hotspot",1
"190",190,17,1,1,0,2,3,3,3,2,4,1,1.888888889,3,3.714285714,2.7,2.333333333,"Female","Urban","Unemployed","12 years","70,000 - 100,000","Mobile Phone","Casual Games","1 to 5 hours","WiFi Hotspot",1
"191",191,17,1,1,0,2,2,3,3,2,4,1,1.444444444,2.444444444,3.285714286,3.5,2,"Female","Urban","Unemployed","12 years","30,000 - 50,000","Mobile Phone","Casual Games","1 to 5 hours","WiFi Hotspot",1
"192",192,18,1,1,0,2,1,3,2,2,4,1,1.666666667,2.222222222,2.714285714,3.3,1.333333333,"Female","Urban","Unemployed","12 years","Less than 30,000","Mobile Phone","Adventure Games","1 to 5 hours","WiFi Hotspot",1
"193",193,18,0,0,2,2,4,3,1,3,4,2,3,2.777777778,2.428571429,3.444444444,2.666666667,"Male","Rural",NA,"12 years","More than 100,000","Mobile Phone","Action Games","5 to 10 hours","WiFi Hotspot",2
"194",194,19,0,1,1,1,4,2,1,2,2,2,2.666666667,2.111111111,2.285714286,3.2,2,"Male","Urban","Employed","Less than 12 years","More than 100,000","PC/Laptop","Action Games","1 to 5 hours","Fiber Optics",2
"195",195,17,0,1,0,2,4,1,7,2,1,2,2.555555556,1.666666667,1.571428571,3.5,2.333333333,"Male","Urban","Unemployed","12 years","More than 100,000","Console","Strategy Games","1 to 5 hours","DSL",2
"196",196,16,0,1,0,1,1,3,6,1,3,1,1.111111111,1.111111111,1.142857143,2.7,1.333333333,"Male","Urban","Unemployed","Less than 12 years","Less than 30,000","Mobile Phone","Sports Games","Less than 1 hour","Mobile Data",1
"197",197,17,0,1,0,1,3,3,3,1,4,1,1.888888889,1.666666667,1.714285714,2.9,1.333333333,"Male","Urban","Unemployed","Less than 12 years","70,000 - 100,000","Mobile Phone","Casual Games","Less than 1 hour","WiFi Hotspot",1
"198",198,17,0,1,0,1,4,3,6,2,3,3,2.111111111,2,1.714285714,3.5,2,"Male","Urban","Unemployed","Less than 12 years","More than 100,000","Mobile Phone","Sports Games","1 to 5 hours","Mobile Data",3
"199",199,17,0,1,0,1,1,3,6,2,3,2,1.888888889,1.555555556,1.571428571,2.7,1.333333333,"Male","Urban","Unemployed","Less than 12 years","Less than 30,000","Mobile Phone","Sports Games","1 to 5 hours","Mobile Data",2
"200",200,17,0,1,0,2,2,1,1,2,4,1,2.444444444,2.222222222,1.714285714,3.3,2,"Male","Urban","Unemployed","12 years","30,000 - 50,000","Console","Action Games","1 to 5 hours","WiFi Hotspot",1
"201",201,16,1,1,0,1,2,3,2,1,4,NA,1.888888889,1.444444444,1.571428571,3.8,1.333333333,"Female","Urban","Unemployed","Less than 12 years","30,000 - 50,000","Mobile Phone","Adventure Games","Less than 1 hour","WiFi Hotspot",NA
"202",202,16,1,1,0,1,2,2,2,1,4,NA,1.888888889,1.444444444,1.285714286,3.9,1,"Female","Urban","Unemployed","Less than 12 years","30,000 - 50,000","PC/Laptop","Adventure Games","Less than 1 hour","WiFi Hotspot",NA
"203",203,16,1,1,0,1,3,1,2,2,3,NA,3,1.555555556,1.428571429,3.9,1.333333333,"Female","Urban","Unemployed","Less than 12 years","70,000 - 100,000","Console","Adventure Games","1 to 5 hours","Mobile Data",NA
"204",204,17,1,1,0,1,1,3,3,1,4,1,1.777777778,1.888888889,2.142857143,3.5,2,"Female","Urban","Unemployed","Less than 12 years","Less than 30,000","Mobile Phone","Casual Games","Less than 1 hour","WiFi Hotspot",1
"205",205,17,1,1,0,NA,1,3,6,1,4,1,1.777777778,1.777777778,2.857142857,3.5,1.666666667,"Female","Urban","Unemployed",NA,"Less than 30,000","Mobile Phone","Sports Games","Less than 1 hour","WiFi Hotspot",1
"206",206,18,1,1,0,2,2,3,3,2,4,1,3.111111111,3.555555556,3,3.7,4.333333333,"Female","Urban","Unemployed","12 years","30,000 - 50,000","Mobile Phone","Casual Games","1 to 5 hours","WiFi Hotspot",1
"207",207,16,1,1,0,2,3,3,3,2,4,1,2.777777778,3,2.714285714,3.9,2.333333333,"Female","Urban","Unemployed","12 years","70,000 - 100,000","Mobile Phone","Casual Games","1 to 5 hours","WiFi Hotspot",1
"208",208,17,1,1,0,2,1,3,2,2,2,1,1.222222222,3,3.428571429,3.6,3,"Female","Urban","Unemployed","12 years","Less than 30,000","Mobile Phone","Adventure Games","1 to 5 hours","Fiber Optics",1
"209",209,17,1,1,0,1,2,3,2,1,4,1,2,1.777777778,1.857142857,4,2,"Female","Urban","Unemployed","Less than 12 years","30,000 - 50,000","Mobile Phone","Adventure Games","Less than 1 hour","WiFi Hotspot",1
"210",210,17,1,0,0,1,2,4,6,2,4,5,3.222222222,3.111111111,2.714285714,4,3.666666667,"Female","Rural","Unemployed","Less than 12 years","30,000 - 50,000","Other","Sports Games","1 to 5 hours","WiFi Hotspot",5
"211",211,18,1,1,0,1,1,3,6,1,4,1,2.777777778,2.333333333,1.714285714,3.9,2.333333333,"Female","Urban","Unemployed","Less than 12 years","Less than 30,000","Mobile Phone","Sports Games","Less than 1 hour","WiFi Hotspot",1
"212",212,17,1,1,0,2,3,3,2,2,4,2,2.111111111,1.555555556,1.571428571,2.9,2,"Female","Urban","Unemployed","12 years","70,000 - 100,000","Mobile Phone","Adventure Games","1 to 5 hours","WiFi Hotspot",2
"213",213,18,1,1,0,2,3,3,3,1,4,1,1.333333333,1.111111111,1.285714286,2.9,1.333333333,"Female","Urban","Unemployed","12 years","70,000 - 100,000","Mobile Phone","Casual Games","Less than 1 hour","WiFi Hotspot",1
"214",214,17,1,1,0,1,4,3,3,1,4,1,1.777777778,1.777777778,2.857142857,3.6,1.666666667,"Female","Urban","Unemployed","Less than 12 years","More than 100,000","Mobile Phone","Casual Games","Less than 1 hour","WiFi Hotspot",1
"215",215,17,1,1,0,2,4,3,6,2,4,1,2,2.333333333,3.428571429,5.2,3.333333333,"Female","Urban","Unemployed","12 years","More than 100,000","Mobile Phone","Sports Games","1 to 5 hours","WiFi Hotspot",1
"216",216,17,0,1,0,1,3,3,1,4,3,1,2.875,2.222222222,1.428571429,2.666666667,1.666666667,"Male","Urban","Unemployed","Less than 12 years","70,000 - 100,000","Mobile Phone","Action Games",NA,"Mobile Data",1
"217",217,16,0,1,0,1,4,2,7,2,2,3,2.222222222,1.444444444,1.571428571,2.4,2.666666667,"Male","Urban","Unemployed","Less than 12 years","More than 100,000","PC/Laptop","Strategy Games","1 to 5 hours","Fiber Optics",3
"218",218,16,0,1,0,1,4,3,1,2,2,2,1.666666667,1,1,2.8,1,"Male","Urban","Unemployed","Less than 12 years","More than 100,000","Mobile Phone","Action Games","1 to 5 hours","Fiber Optics",2
"219",219,15,0,1,0,1,3,3,4,2,4,NA,4,1,2,3,2.666666667,"Male","Urban","Unemployed","Less than 12 years","70,000 - 100,000","Mobile Phone","Role-Playing Games","1 to 5 hours","WiFi Hotspot",NA
"220",220,15,0,1,0,1,2,4,6,2,2,NA,2.666666667,1.555555556,2.714285714,2.5,1.666666667,"Male","Urban","Unemployed","Less than 12 years","30,000 - 50,000","Other","Sports Games","1 to 5 hours","Fiber Optics",NA
"221",221,16,0,1,0,1,4,3,4,1,2,4,1.666666667,1.888888889,1.428571429,3.2,1.333333333,"Male","Urban","Unemployed","Less than 12 years","More than 100,000","Mobile Phone","Role-Playing Games","Less than 1 hour","Fiber Optics",4
"222",222,16,0,1,0,1,4,2,6,2,2,1,1.888888889,1.777777778,1.285714286,3,1.333333333,"Male","Urban","Unemployed","Less than 12 years","More than 100,000","PC/Laptop","Sports Games","1 to 5 hours","Fiber Optics",1
"223",223,16,0,1,0,2,3,3,1,2,2,2,1.555555556,1.777777778,1.571428571,2.6,2.666666667,"Male","Urban","Unemployed","12 years","70,000 - 100,000","Mobile Phone","Action Games","1 to 5 hours","Fiber Optics",2
"224",224,17,0,1,0,1,2,2,1,1,2,1,3.333333333,1.666666667,1.428571429,3,2.333333333,"Male","Urban","Unemployed","Less than 12 years","30,000 - 50,000","PC/Laptop","Action Games","Less than 1 hour","Fiber Optics",1
"225",225,16,0,1,0,1,2,3,2,2,2,1,1.888888889,1.666666667,1.285714286,3.3,1,"Male","Urban","Unemployed","Less than 12 years","30,000 - 50,000","Mobile Phone","Adventure Games","1 to 5 hours","Fiber Optics",1
"226",226,17,0,1,0,1,2,3,1,2,4,1,1.777777778,1,2.285714286,3.2,1,"Male","Urban","Unemployed","Less than 12 years","30,000 - 50,000","Mobile Phone","Action Games","1 to 5 hours","WiFi Hotspot",1
"227",227,18,1,1,0,2,3,3,6,1,2,2,2.111111111,2.333333333,2.714285714,3.9,3,"Female","Urban","Unemployed","12 years","70,000 - 100,000","Mobile Phone","Sports Games","Less than 1 hour","Fiber Optics",2
"228",228,17,1,1,0,2,2,2,3,1,4,2,1.444444444,1.444444444,1.857142857,4,1,"Female","Urban","Unemployed","12 years","30,000 - 50,000","PC/Laptop","Casual Games","Less than 1 hour","WiFi Hotspot",2
"229",229,16,1,1,0,2,2,2,6,1,4,1,3.222222222,2.111111111,1.285714286,1.4,1.666666667,"Female","Urban","Unemployed","12 years","30,000 - 50,000","PC/Laptop","Sports Games","Less than 1 hour","WiFi Hotspot",1
"230",230,16,1,1,0,2,3,2,2,1,4,2,1.777777778,1.444444444,1.285714286,3.5,1.333333333,"Female","Urban","Unemployed","12 years","70,000 - 100,000","PC/Laptop","Adventure Games","Less than 1 hour","WiFi Hotspot",2
"231",231,16,1,1,0,1,2,3,6,2,4,1,1.666666667,1.222222222,1.571428571,2.9,1.333333333,"Female","Urban","Unemployed","Less than 12 years","30,000 - 50,000","Mobile Phone","Sports Games","1 to 5 hours","WiFi Hotspot",1
"232",232,16,1,1,0,1,1,3,6,1,4,2,1.777777778,1.666666667,1.571428571,2.7,1.333333333,"Female","Urban","Unemployed","Less than 12 years","Less than 30,000","Mobile Phone","Sports Games","Less than 1 hour","WiFi Hotspot",2
"233",233,16,1,1,0,1,1,3,6,1,4,2,1.777777778,2,2.285714286,2.4,1.666666667,"Female","Urban","Unemployed","Less than 12 years","Less than 30,000","Mobile Phone","Sports Games","Less than 1 hour","WiFi Hotspot",2
"234",234,16,1,1,0,1,1,3,6,1,4,2,1.555555556,1.111111111,1.571428571,2.2,1.333333333,"Female","Urban","Unemployed","Less than 12 years","Less than 30,000","Mobile Phone","Sports Games","Less than 1 hour","WiFi Hotspot",2
"235",235,16,1,1,0,1,2,3,6,2,4,1,1.777777778,1.333333333,1.571428571,2.9,1.333333333,"Female","Urban","Unemployed","Less than 12 years","30,000 - 50,000","Mobile Phone","Sports Games","1 to 5 hours","WiFi Hotspot",1
"236",236,18,1,1,0,1,2,3,3,1,4,3,2,2.111111111,2.571428571,3,1.666666667,"Female","Urban","Unemployed","Less than 12 years","30,000 - 50,000","Mobile Phone","Casual Games","Less than 1 hour","WiFi Hotspot",3
"237",237,16,1,1,0,1,3,3,3,1,4,1,3.222222222,1.555555556,1.428571429,2.8,2,"Female","Urban","Unemployed","Less than 12 years","70,000 - 100,000","Mobile Phone","Casual Games","Less than 1 hour","WiFi Hotspot",1
"238",238,18,1,1,0,1,3,3,3,1,4,2,3,1.555555556,1.857142857,2.9,2.333333333,"Female","Urban","Unemployed","Less than 12 years","70,000 - 100,000","Mobile Phone","Casual Games","Less than 1 hour","WiFi Hotspot",2
"239",239,17,1,1,0,1,2,3,6,1,4,1,2.444444444,1.555555556,2.285714286,2.9,2.666666667,"Female","Urban","Unemployed","Less than 12 years","30,000 - 50,000","Mobile Phone","Sports Games","Less than 1 hour","WiFi Hotspot",1
"240",240,17,1,1,0,1,2,3,6,1,4,1,1.666666667,1.666666667,2,3.2,2,"Female","Urban","Unemployed","Less than 12 years","30,000 - 50,000","Mobile Phone","Sports Games","Less than 1 hour","WiFi Hotspot",1
"241",241,20,0,1,0,2,3,3,1,2,4,2,2.666666667,3,2,2.8,3.333333333,"Male","Urban","Unemployed","12 years","70,000 - 100,000","Mobile Phone","Action Games","1 to 5 hours","WiFi Hotspot",2
"242",242,20,1,0,0,1,4,3,1,4,3,3,3.111111111,2.111111111,1,3.3,2.333333333,"Female","Rural","Unemployed","Less than 12 years","More than 100,000","Mobile Phone","Action Games",NA,"Mobile Data",3
"243",243,12,0,1,0,1,3,3,1,2,4,1,2.666666667,2.444444444,1.857142857,3.4,2.666666667,"Male","Urban","Unemployed","Less than 12 years","70,000 - 100,000","Mobile Phone","Action Games","1 to 5 hours","WiFi Hotspot",1
"244",244,14,0,1,0,1,3,3,1,2,4,2,2.333333333,2,2.285714286,3,2.666666667,"Male","Urban","Unemployed","Less than 12 years","70,000 - 100,000","Mobile Phone","Action Games","1 to 5 hours","WiFi Hotspot",2
"245",245,18,0,1,0,2,4,3,6,3,3,1,3.222222222,2.888888889,2.857142857,4.2,4,"Male","Urban","Unemployed","12 years","More than 100,000","Mobile Phone","Sports Games","5 to 10 hours","Mobile Data",1
"246",246,19,0,1,0,2,4,2,5,2,3,2,3.555555556,3.111111111,2.857142857,3.6,3.333333333,"Male","Urban","Unemployed","12 years","More than 100,000","PC/Laptop","Simulation Games","1 to 5 hours","Mobile Data",2
"247",247,20,0,1,0,2,4,2,5,2,4,2,3.222222222,2.888888889,3,3.6,4,"Male","Urban","Unemployed","12 years","More than 100,000","PC/Laptop","Simulation Games","1 to 5 hours","WiFi Hotspot",2
"248",248,18,0,1,0,2,4,3,5,2,3,2,3.555555556,3,3,2.5,4,"Male","Urban","Unemployed","12 years","More than 100,000","Mobile Phone","Simulation Games","1 to 5 hours","Mobile Data",2
"249",249,17,0,1,0,2,4,2,5,3,2,2,3.888888889,3.444444444,3.285714286,3.6,3.333333333,"Male","Urban","Unemployed","12 years","More than 100,000","PC/Laptop","Simulation Games","5 to 10 hours","Fiber Optics",2
"250",250,18,0,1,0,1,4,2,4,3,4,3,3.444444444,2.888888889,3.142857143,3.6,2.666666667,"Male","Urban","Unemployed","Less than 12 years","More than 100,000","PC/Laptop","Role-Playing Games","5 to 10 hours","WiFi Hotspot",3
"251",251,20,0,1,0,2,4,2,6,2,3,2,3.777777778,3.111111111,3,3.7,3.666666667,"Male","Urban","Unemployed","12 years","More than 100,000","PC/Laptop","Sports Games","1 to 5 hours","Mobile Data",2
"252",252,18,0,1,0,2,4,2,6,2,4,4,3.444444444,3.333333333,3.285714286,3.9,3.666666667,"Male","Urban","Unemployed","12 years","More than 100,000","PC/Laptop","Sports Games","1 to 5 hours","WiFi Hotspot",4
"253",253,18,0,1,0,2,3,2,6,2,3,2,3.888888889,3.111111111,3.142857143,4,3.333333333,"Male","Urban","Unemployed","12 years","70,000 - 100,000","PC/Laptop","Sports Games","1 to 5 hours","Mobile Data",2
"254",254,18,0,1,0,2,3,2,6,2,3,2,3.555555556,3.333333333,3.142857143,3.5,3,"Male","Urban","Unemployed","12 years","70,000 - 100,000","PC/Laptop","Sports Games","1 to 5 hours","Mobile Data",2
"255",255,20,0,1,0,2,4,2,1,2,4,2,3.777777778,3.333333333,3.142857143,3.4,3.333333333,"Male","Urban","Unemployed","12 years","More than 100,000","PC/Laptop","Action Games","1 to 5 hours","WiFi Hotspot",2
"256",256,20,0,1,0,2,3,3,4,2,4,1,3.333333333,3,3.142857143,3.5,3,"Male","Urban","Unemployed","12 years","70,000 - 100,000","Mobile Phone","Role-Playing Games","1 to 5 hours","WiFi Hotspot",1
"257",257,18,0,1,0,2,4,3,4,2,4,2,3.111111111,3.111111111,3.142857143,3.5,3.333333333,"Male","Urban","Unemployed","12 years","More than 100,000","Mobile Phone","Role-Playing Games","1 to 5 hours","WiFi Hotspot",2
"258",258,17,0,1,0,1,3,2,7,2,3,2,3.888888889,3.222222222,3,3.2,4.666666667,"Male","Urban","Unemployed","Less than 12 years","70,000 - 100,000","PC/Laptop","Strategy Games","1 to 5 hours","Mobile Data",2
"259",259,18,0,1,0,2,3,2,6,1,3,1,3.777777778,3.333333333,3,3.5,3.333333333,"Male","Urban","Unemployed","12 years","70,000 - 100,000","PC/Laptop","Sports Games","Less than 1 hour","Mobile Data",1
"260",260,18,0,1,0,2,4,2,4,3,4,2,3.888888889,3.333333333,2.857142857,3.4,3.333333333,"Male","Urban","Unemployed","12 years","More than 100,000","PC/Laptop","Role-Playing Games","5 to 10 hours","WiFi Hotspot",2
"261",261,19,0,1,0,2,4,2,6,1,3,1,4,3.555555556,3.142857143,3.9,4,"Male","Urban","Unemployed","12 years","More than 100,000","PC/Laptop","Sports Games","Less than 1 hour","Mobile Data",1
"262",262,20,0,1,0,2,4,1,8,1,1,1,3.888888889,3.222222222,3.142857143,3.4,4,"Male","Urban","Unemployed","12 years","More than 100,000","Console","Other","Less than 1 hour","DSL",1
"263",263,19,0,1,0,2,4,2,2,2,4,2,4,3.333333333,3,4,4.333333333,"Male","Urban","Unemployed","12 years","More than 100,000","PC/Laptop","Adventure Games","1 to 5 hours","WiFi Hotspot",2
"264",264,17,0,1,0,2,4,2,2,2,4,2,4,3.111111111,3.142857143,3.6,4,"Male","Urban","Unemployed","12 years","More than 100,000","PC/Laptop","Adventure Games","1 to 5 hours","WiFi Hotspot",2
"265",265,18,0,1,0,2,4,2,6,2,4,1,3.888888889,3.333333333,3.428571429,3.9,3.666666667,"Male","Urban","Unemployed","12 years","More than 100,000","PC/Laptop","Sports Games","1 to 5 hours","WiFi Hotspot",1
"266",266,17,0,1,0,2,4,3,4,2,2,2,3.888888889,3.333333333,3.142857143,3.7,3.666666667,"Male","Urban","Unemployed","12 years","More than 100,000","Mobile Phone","Role-Playing Games","1 to 5 hours","Fiber Optics",2
"267",267,18,0,1,0,2,4,2,6,2,4,1,3.888888889,3.111111111,3,4.1,4.333333333,"Male","Urban","Unemployed","12 years","More than 100,000","PC/Laptop","Sports Games","1 to 5 hours","WiFi Hotspot",1
"268",268,20,0,1,0,2,4,2,6,1,4,2,3.666666667,3.111111111,3.285714286,3.6,4,"Male","Urban","Unemployed","12 years","More than 100,000","PC/Laptop","Sports Games","Less than 1 hour","WiFi Hotspot",2
"269",269,18,0,1,0,2,4,2,4,2,4,1,3.888888889,3.111111111,3.142857143,3.7,3.666666667,"Male","Urban","Unemployed","12 years","More than 100,000","PC/Laptop","Role-Playing Games","1 to 5 hours","WiFi Hotspot",1
"270",270,18,0,1,0,2,3,2,2,2,4,1,3.888888889,3.333333333,3.285714286,3.7,3.666666667,"Male","Urban","Unemployed","12 years","70,000 - 100,000","PC/Laptop","Adventure Games","1 to 5 hours","WiFi Hotspot",1
"271",271,18,0,1,0,2,4,2,5,1,4,1,3.222222222,2.888888889,2.714285714,3.7,3.666666667,"Male","Urban","Unemployed","12 years","More than 100,000","PC/Laptop","Simulation Games","Less than 1 hour","WiFi Hotspot",1
"272",272,20,0,1,0,2,3,2,1,3,4,2,3.888888889,3.111111111,2.857142857,3.5,3.666666667,"Male","Urban","Unemployed","12 years","70,000 - 100,000","PC/Laptop","Action Games","5 to 10 hours","WiFi Hotspot",2
"273",273,19,0,1,0,2,3,2,1,2,4,2,3.222222222,3.222222222,3.285714286,3.7,4,"Male","Urban","Unemployed","12 years","70,000 - 100,000","PC/Laptop","Action Games","1 to 5 hours","WiFi Hotspot",2
"274",274,18,0,1,0,2,2,2,6,2,4,1,3.888888889,3.111111111,3,3.3,3.333333333,"Male","Urban","Unemployed","12 years","30,000 - 50,000","PC/Laptop","Sports Games","1 to 5 hours","WiFi Hotspot",1
"275",275,19,0,1,0,2,4,2,4,2,4,2,3.777777778,3.111111111,3.428571429,3.2,4.333333333,"Male","Urban","Unemployed","12 years","More than 100,000","PC/Laptop","Role-Playing Games","1 to 5 hours","WiFi Hotspot",2
"276",276,17,0,1,0,2,3,3,6,2,4,2,3.666666667,2.555555556,3.142857143,3.7,3,"Male","Urban","Unemployed","12 years","70,000 - 100,000","Mobile Phone","Sports Games","1 to 5 hours","WiFi Hotspot",2
"277",277,20,0,1,0,2,1,2,6,2,3,2,3.555555556,3.222222222,2.857142857,3.6,3,"Male","Urban","Unemployed","12 years","Less than 30,000","PC/Laptop","Sports Games","1 to 5 hours","Mobile Data",2
"278",278,18,0,1,0,2,4,2,1,2,4,1,3.333333333,3.222222222,2.714285714,3.8,3.333333333,"Male","Urban","Unemployed","12 years","More than 100,000","PC/Laptop","Action Games","1 to 5 hours","WiFi Hotspot",1
"279",279,19,0,1,0,2,3,2,6,2,3,2,3.444444444,3,2.857142857,3.4,2.666666667,"Male","Urban","Unemployed","12 years","70,000 - 100,000","PC/Laptop","Sports Games","1 to 5 hours","Mobile Data",2
"280",280,17,1,1,0,2,3,3,3,2,4,1,3.333333333,3.555555556,4,3.1,4,"Female","Urban","Unemployed","12 years","70,000 - 100,000","Mobile Phone","Casual Games","1 to 5 hours","WiFi Hotspot",1
"281",281,16,0,1,0,2,2,2,4,2,1,2,3.111111111,3.555555556,4,3,4,"Male","Urban","Unemployed","12 years","30,000 - 50,000","PC/Laptop","Role-Playing Games","1 to 5 hours","DSL",2
"282",282,17,1,0,1,2,3,3,4,1,3,1,2.777777778,2.222222222,2.714285714,2.7,2,"Female","Rural","Employed","12 years","70,000 - 100,000","Mobile Phone","Role-Playing Games","Less than 1 hour","Mobile Data",1
"283",283,16,0,0,0,2,2,3,4,2,3,1,3.888888889,2.666666667,2.857142857,3.9,3.333333333,"Male","Rural","Unemployed","12 years","30,000 - 50,000","Mobile Phone","Role-Playing Games","1 to 5 hours","Mobile Data",1
"284",284,15,1,1,0,1,2,3,3,2,4,1,2.777777778,2.555555556,NA,3.7,3,"Female","Urban","Unemployed","Less than 12 years","30,000 - 50,000","Mobile Phone","Casual Games","1 to 5 hours","WiFi Hotspot",1
"285",285,16,1,1,0,1,2,3,7,1,3,2,3.555555556,2.444444444,2.857142857,3,3,"Female","Urban","Unemployed","Less than 12 years","30,000 - 50,000","Mobile Phone","Strategy Games","Less than 1 hour","Mobile Data",2
"286",286,17,1,0,0,2,3,3,2,1,1,1,3.444444444,2.777777778,3,2.8,2,"Female","Rural","Unemployed","12 years","70,000 - 100,000","Mobile Phone","Adventure Games","Less than 1 hour","DSL",1
"287",287,17,1,0,1,2,4,2,5,3,2,1,3.222222222,2.888888889,3.142857143,3.1,2.333333333,"Female","Rural","Employed","12 years","More than 100,000","PC/Laptop","Simulation Games","5 to 10 hours","Fiber Optics",1
"288",288,16,0,1,0,2,2,3,4,2,4,2,3.333333333,3,2.857142857,3.2,2.333333333,"Male","Urban","Unemployed","12 years","30,000 - 50,000","Mobile Phone","Role-Playing Games","1 to 5 hours","WiFi Hotspot",2
"289",289,15,0,1,0,1,2,3,4,2,3,1,2.888888889,3,2.857142857,3.2,3,"Male","Urban","Unemployed","Less than 12 years","30,000 - 50,000","Mobile Phone","Role-Playing Games","1 to 5 hours","Mobile Data",1
"290",290,20,1,1,1,3,2,3,1,1,4,1,3.222222222,2.444444444,2.428571429,2.1,3.666666667,"Female","Urban","Employed","Other","30,000 - 50,000","Mobile Phone","Action Games","Less than 1 hour","WiFi Hotspot",1
"291",291,15,1,1,0,2,NA,3,6,2,4,1,2.222222222,2.333333333,2.428571429,3.1,1.666666667,"Female","Urban","Unemployed","12 years",NA,"Mobile Phone","Sports Games","1 to 5 hours","WiFi Hotspot",1
"292",292,20,0,1,1,3,4,3,7,3,3,2,3.666666667,2.111111111,2.285714286,2.6,2,"Male","Urban","Employed","Other","More than 100,000","Mobile Phone","Strategy Games","5 to 10 hours","Mobile Data",2
"293",293,16,1,1,0,1,4,3,1,1,4,1,1.666666667,2.666666667,2.142857143,3.2,2,"Female","Urban","Unemployed","Less than 12 years","More than 100,000","Mobile Phone","Action Games","Less than 1 hour","WiFi Hotspot",1
"294",294,16,1,1,0,2,3,3,6,1,4,1,2.222222222,2.222222222,1.857142857,2.9,2.333333333,"Female","Urban","Unemployed","12 years","70,000 - 100,000","Mobile Phone","Sports Games","Less than 1 hour","WiFi Hotspot",1
"295",295,15,1,1,0,1,2,3,1,1,3,1,1.555555556,2,2.428571429,3.5,1,"Female","Urban","Unemployed","Less than 12 years","30,000 - 50,000","Mobile Phone","Action Games","Less than 1 hour","Mobile Data",1
"296",296,18,1,1,0,2,2,3,7,1,4,1,2.444444444,2,2,3.3,2.666666667,"Female","Urban","Unemployed","12 years","30,000 - 50,000","Mobile Phone","Strategy Games","Less than 1 hour","WiFi Hotspot",1
"297",297,18,1,1,0,2,2,3,2,2,4,1,2.222222222,1.777777778,2.285714286,2.7,1.666666667,"Female","Urban","Unemployed","12 years","30,000 - 50,000","Mobile Phone","Adventure Games","1 to 5 hours","WiFi Hotspot",1
"298",298,17,1,1,0,2,2,2,6,1,4,1,2.555555556,2,2.285714286,3.1,1,"Female","Urban","Unemployed","12 years","30,000 - 50,000","PC/Laptop","Sports Games","Less than 1 hour","WiFi Hotspot",1
"299",299,16,1,1,0,2,NA,3,8,2,4,1,3.222222222,2,1.833333333,3.2,2,"Female","Urban","Unemployed","12 years",NA,"Mobile Phone","Other","1 to 5 hours","WiFi Hotspot",1
"300",300,17,1,1,0,2,NA,3,6,1,3,1,2.444444444,2.888888889,3,3.3,1.666666667,"Female","Urban","Unemployed","12 years",NA,"Mobile Phone","Sports Games","Less than 1 hour","Mobile Data",1
"301",301,16,1,1,1,1,2,3,6,1,2,1,2.222222222,2.333333333,2.142857143,3.4,2,"Female","Urban","Employed","Less than 12 years","30,000 - 50,000","Mobile Phone","Sports Games","Less than 1 hour","Fiber Optics",1
"302",302,18,2,0,0,2,3,3,6,1,3,1,2.111111111,2.222222222,3,2.7,2,"Others","Rural","Unemployed","12 years","70,000 - 100,000","Mobile Phone","Sports Games","Less than 1 hour","Mobile Data",1
"303",303,14,1,1,NA,3,2,3,6,1,2,NA,1.777777778,1.555555556,1.857142857,2.8,2.333333333,"Female","Urban",NA,"Other","30,000 - 50,000","Mobile Phone","Sports Games","Less than 1 hour","Fiber Optics",NA
"304",304,16,1,1,0,1,4,3,6,1,2,NA,1.777777778,1.666666667,1.857142857,3,2,"Female","Urban","Unemployed","Less than 12 years","More than 100,000","Mobile Phone","Sports Games","Less than 1 hour","Fiber Optics",NA
"305",305,15,1,1,0,NA,NA,NA,6,1,2,NA,1.875,1.555555556,1.857142857,3.333333333,2,"Female","Urban","Unemployed",NA,NA,NA,"Sports Games","Less than 1 hour","Fiber Optics",NA
"306",306,17,0,1,0,1,1,3,1,1,2,2,2.111111111,1.666666667,2.333333333,3.5,2.333333333,"Male","Urban","Unemployed","Less than 12 years","Less than 30,000","Mobile Phone","Action Games","Less than 1 hour","Fiber Optics",2
"307",307,15,0,1,0,1,3,3,2,2,2,2,2.555555556,2.777777778,2.571428571,2.8,4,"Male","Urban","Unemployed","Less than 12 years","70,000 - 100,000","Mobile Phone","Adventure Games","1 to 5 hours","Fiber Optics",2
"308",308,21,1,1,0,3,2,3,1,2,2,2,3.111111111,2.888888889,2.857142857,3.6,2.666666667,"Female","Urban","Unemployed","Other","30,000 - 50,000","Mobile Phone","Action Games","1 to 5 hours","Fiber Optics",2
"309",309,17,1,1,0,2,2,3,3,1,4,1,1,1,1,2.4,1,"Female","Urban","Unemployed","12 years","30,000 - 50,000","Mobile Phone","Casual Games","Less than 1 hour","WiFi Hotspot",1
"310",310,17,1,1,0,2,3,3,3,2,4,1,1.888888889,3,3.714285714,2.7,2.333333333,"Female","Urban","Unemployed","12 years","70,000 - 100,000","Mobile Phone","Casual Games","1 to 5 hours","WiFi Hotspot",1
"311",311,17,1,1,0,2,2,3,3,2,4,1,1.444444444,2.444444444,3.285714286,3.5,2,"Female","Urban","Unemployed","12 years","30,000 - 50,000","Mobile Phone","Casual Games","1 to 5 hours","WiFi Hotspot",1
"312",312,18,1,1,0,2,1,3,2,2,4,1,1.666666667,2.222222222,2.714285714,3.3,1.333333333,"Female","Urban","Unemployed","12 years","Less than 30,000","Mobile Phone","Adventure Games","1 to 5 hours","WiFi Hotspot",1
"313",313,18,0,0,2,2,4,3,1,3,4,2,3,2.777777778,2.428571429,3.444444444,2.666666667,"Male","Rural",NA,"12 years","More than 100,000","Mobile Phone","Action Games","5 to 10 hours","WiFi Hotspot",2
"314",314,19,0,1,1,1,4,2,1,2,2,2,2.666666667,2.111111111,2.285714286,3.2,2,"Male","Urban","Employed","Less than 12 years","More than 100,000","PC/Laptop","Action Games","1 to 5 hours","Fiber Optics",2
"315",315,17,0,1,0,2,4,1,7,2,1,2,2.555555556,1.666666667,1.571428571,3.5,2.333333333,"Male","Urban","Unemployed","12 years","More than 100,000","Console","Strategy Games","1 to 5 hours","DSL",2
"316",316,16,0,1,0,1,1,3,6,1,3,1,1.111111111,1.111111111,1.142857143,2.7,1.333333333,"Male","Urban","Unemployed","Less than 12 years","Less than 30,000","Mobile Phone","Sports Games","Less than 1 hour","Mobile Data",1
"317",317,17,0,1,0,1,3,3,3,1,4,1,1.888888889,1.666666667,1.714285714,2.9,1.333333333,"Male","Urban","Unemployed","Less than 12 years","70,000 - 100,000","Mobile Phone","Casual Games","Less than 1 hour","WiFi Hotspot",1
"318",318,17,0,1,0,1,4,3,6,2,3,3,2.111111111,2,1.714285714,3.5,2,"Male","Urban","Unemployed","Less than 12 years","More than 100,000","Mobile Phone","Sports Games","1 to 5 hours","Mobile Data",3
"319",319,17,0,1,0,1,1,3,6,2,3,2,1.888888889,1.555555556,1.571428571,2.7,1.333333333,"Male","Urban","Unemployed","Less than 12 years","Less than 30,000","Mobile Phone","Sports Games","1 to 5 hours","Mobile Data",2
"320",320,17,0,1,0,2,2,1,1,2,4,1,2.444444444,2.222222222,1.714285714,3.3,2,"Male","Urban","Unemployed","12 years","30,000 - 50,000","Console","Action Games","1 to 5 hours","WiFi Hotspot",1
"321",321,16,1,1,0,1,2,3,2,1,4,NA,1.888888889,1.444444444,1.571428571,3.8,1.333333333,"Female","Urban","Unemployed","Less than 12 years","30,000 - 50,000","Mobile Phone","Adventure Games","Less than 1 hour","WiFi Hotspot",NA
"322",322,16,1,1,0,1,2,2,2,1,4,NA,1.888888889,1.444444444,1.285714286,3.9,1,"Female","Urban","Unemployed","Less than 12 years","30,000 - 50,000","PC/Laptop","Adventure Games","Less than 1 hour","WiFi Hotspot",NA
"323",323,16,1,1,0,1,3,1,2,2,3,NA,3,1.555555556,1.428571429,3.9,1.333333333,"Female","Urban","Unemployed","Less than 12 years","70,000 - 100,000","Console","Adventure Games","1 to 5 hours","Mobile Data",NA
"324",324,17,1,1,0,1,1,3,3,1,4,1,1.777777778,1.888888889,2.142857143,3.5,2,"Female","Urban","Unemployed","Less than 12 years","Less than 30,000","Mobile Phone","Casual Games","Less than 1 hour","WiFi Hotspot",1
"325",325,17,1,1,0,NA,1,3,6,1,4,1,1.777777778,1.777777778,2.857142857,3.5,1.666666667,"Female","Urban","Unemployed",NA,"Less than 30,000","Mobile Phone","Sports Games","Less than 1 hour","WiFi Hotspot",1
"326",326,18,1,1,0,2,2,3,3,2,4,1,3.111111111,3.555555556,3,3.7,4.333333333,"Female","Urban","Unemployed","12 years","30,000 - 50,000","Mobile Phone","Casual Games","1 to 5 hours","WiFi Hotspot",1
"327",327,16,1,1,0,2,3,3,3,2,4,1,2.777777778,3,2.714285714,3.9,2.333333333,"Female","Urban","Unemployed","12 years","70,000 - 100,000","Mobile Phone","Casual Games","1 to 5 hours","WiFi Hotspot",1
"328",328,17,1,1,0,2,1,3,2,2,2,1,1.222222222,3,3.428571429,3.6,3,"Female","Urban","Unemployed","12 years","Less than 30,000","Mobile Phone","Adventure Games","1 to 5 hours","Fiber Optics",1
"329",329,17,1,1,0,1,2,3,2,1,4,1,2,1.777777778,1.857142857,4,2,"Female","Urban","Unemployed","Less than 12 years","30,000 - 50,000","Mobile Phone","Adventure Games","Less than 1 hour","WiFi Hotspot",1
"330",330,17,1,0,0,1,2,4,6,2,4,5,3.222222222,3.111111111,2.714285714,4,3.666666667,"Female","Rural","Unemployed","Less than 12 years","30,000 - 50,000","Other","Sports Games","1 to 5 hours","WiFi Hotspot",5
"331",331,18,1,1,0,1,1,3,6,1,4,1,2.777777778,2.333333333,1.714285714,3.9,2.333333333,"Female","Urban","Unemployed","Less than 12 years","Less than 30,000","Mobile Phone","Sports Games","Less than 1 hour","WiFi Hotspot",1
"332",332,17,1,1,0,2,3,3,2,2,4,2,2.111111111,1.555555556,1.571428571,2.9,2,"Female","Urban","Unemployed","12 years","70,000 - 100,000","Mobile Phone","Adventure Games","1 to 5 hours","WiFi Hotspot",2
"333",333,18,1,1,0,2,3,3,3,1,4,1,1.333333333,1.111111111,1.285714286,2.9,1.333333333,"Female","Urban","Unemployed","12 years","70,000 - 100,000","Mobile Phone","Casual Games","Less than 1 hour","WiFi Hotspot",1
"334",334,17,1,1,0,1,4,3,3,1,4,1,1.777777778,1.777777778,2.857142857,3.6,1.666666667,"Female","Urban","Unemployed","Less than 12 years","More than 100,000","Mobile Phone","Casual Games","Less than 1 hour","WiFi Hotspot",1
"335",335,17,1,1,0,2,4,3,6,2,4,1,2,2.333333333,3.428571429,5.2,3.333333333,"Female","Urban","Unemployed","12 years","More than 100,000","Mobile Phone","Sports Games","1 to 5 hours","WiFi Hotspot",1
"336",336,17,0,1,0,1,3,3,1,4,3,1,2.875,2.222222222,1.428571429,2.666666667,1.666666667,"Male","Urban","Unemployed","Less than 12 years","70,000 - 100,000","Mobile Phone","Action Games",NA,"Mobile Data",1
"337",337,16,0,1,0,1,4,2,7,2,2,3,2.222222222,1.444444444,1.571428571,2.4,2.666666667,"Male","Urban","Unemployed","Less than 12 years","More than 100,000","PC/Laptop","Strategy Games","1 to 5 hours","Fiber Optics",3
"338",338,16,0,1,0,1,4,3,1,2,2,2,1.666666667,1,1,2.8,1,"Male","Urban","Unemployed","Less than 12 years","More than 100,000","Mobile Phone","Action Games","1 to 5 hours","Fiber Optics",2
"339",339,15,0,1,0,1,3,3,4,2,4,NA,4,1,2,3,2.666666667,"Male","Urban","Unemployed","Less than 12 years","70,000 - 100,000","Mobile Phone","Role-Playing Games","1 to 5 hours","WiFi Hotspot",NA
"340",340,15,0,1,0,1,2,4,6,2,2,NA,2.666666667,1.555555556,2.714285714,2.5,1.666666667,"Male","Urban","Unemployed","Less than 12 years","30,000 - 50,000","Other","Sports Games","1 to 5 hours","Fiber Optics",NA
"341",341,16,0,1,0,1,4,3,4,1,2,4,1.666666667,1.888888889,1.428571429,3.2,1.333333333,"Male","Urban","Unemployed","Less than 12 years","More than 100,000","Mobile Phone","Role-Playing Games","Less than 1 hour","Fiber Optics",4
"342",342,16,0,1,0,1,4,2,6,2,2,1,1.888888889,1.777777778,1.285714286,3,1.333333333,"Male","Urban","Unemployed","Less than 12 years","More than 100,000","PC/Laptop","Sports Games","1 to 5 hours","Fiber Optics",1
"343",343,16,0,1,0,2,3,3,1,2,2,2,1.555555556,1.777777778,1.571428571,2.6,2.666666667,"Male","Urban","Unemployed","12 years","70,000 - 100,000","Mobile Phone","Action Games","1 to 5 hours","Fiber Optics",2
"344",344,17,0,1,0,1,2,2,1,1,2,1,3.333333333,1.666666667,1.428571429,3,2.333333333,"Male","Urban","Unemployed","Less than 12 years","30,000 - 50,000","PC/Laptop","Action Games","Less than 1 hour","Fiber Optics",1
"345",345,16,0,1,0,1,2,3,2,2,2,1,1.888888889,1.666666667,1.285714286,3.3,1,"Male","Urban","Unemployed","Less than 12 years","30,000 - 50,000","Mobile Phone","Adventure Games","1 to 5 hours","Fiber Optics",1
"346",346,17,0,1,0,1,2,3,1,2,4,1,1.777777778,1,2.285714286,3.2,1,"Male","Urban","Unemployed","Less than 12 years","30,000 - 50,000","Mobile Phone","Action Games","1 to 5 hours","WiFi Hotspot",1
"347",347,18,1,1,0,2,3,3,6,1,2,2,2.111111111,2.333333333,2.714285714,3.9,3,"Female","Urban","Unemployed","12 years","70,000 - 100,000","Mobile Phone","Sports Games","Less than 1 hour","Fiber Optics",2
"348",348,17,1,1,0,2,2,2,3,1,4,2,1.444444444,1.444444444,1.857142857,4,1,"Female","Urban","Unemployed","12 years","30,000 - 50,000","PC/Laptop","Casual Games","Less than 1 hour","WiFi Hotspot",2
"349",349,16,1,1,0,2,2,2,6,1,4,1,3.222222222,2.111111111,1.285714286,1.4,1.666666667,"Female","Urban","Unemployed","12 years","30,000 - 50,000","PC/Laptop","Sports Games","Less than 1 hour","WiFi Hotspot",1
"350",350,16,1,1,0,2,3,2,2,1,4,2,1.777777778,1.444444444,1.285714286,3.5,1.333333333,"Female","Urban","Unemployed","12 years","70,000 - 100,000","PC/Laptop","Adventure Games","Less than 1 hour","WiFi Hotspot",2
"351",351,16,1,1,0,1,2,3,6,2,4,1,1.666666667,1.222222222,1.571428571,2.9,1.333333333,"Female","Urban","Unemployed","Less than 12 years","30,000 - 50,000","Mobile Phone","Sports Games","1 to 5 hours","WiFi Hotspot",1
"352",352,16,1,1,0,1,1,3,6,1,4,2,1.777777778,1.666666667,1.571428571,2.7,1.333333333,"Female","Urban","Unemployed","Less than 12 years","Less than 30,000","Mobile Phone","Sports Games","Less than 1 hour","WiFi Hotspot",2
"353",353,16,1,1,0,1,1,3,6,1,4,2,1.777777778,2,2.285714286,2.4,1.666666667,"Female","Urban","Unemployed","Less than 12 years","Less than 30,000","Mobile Phone","Sports Games","Less than 1 hour","WiFi Hotspot",2
"354",354,16,1,1,0,1,1,3,6,1,4,2,1.555555556,1.111111111,1.571428571,2.2,1.333333333,"Female","Urban","Unemployed","Less than 12 years","Less than 30,000","Mobile Phone","Sports Games","Less than 1 hour","WiFi Hotspot",2
"355",355,16,1,1,0,1,2,3,6,2,4,1,1.777777778,1.333333333,1.571428571,2.9,1.333333333,"Female","Urban","Unemployed","Less than 12 years","30,000 - 50,000","Mobile Phone","Sports Games","1 to 5 hours","WiFi Hotspot",1
"356",356,18,1,1,0,1,2,3,3,1,4,3,2,2.111111111,2.571428571,3,1.666666667,"Female","Urban","Unemployed","Less than 12 years","30,000 - 50,000","Mobile Phone","Casual Games","Less than 1 hour","WiFi Hotspot",3
"357",357,16,1,1,0,1,3,3,3,1,4,1,3.222222222,1.555555556,1.428571429,2.8,2,"Female","Urban","Unemployed","Less than 12 years","70,000 - 100,000","Mobile Phone","Casual Games","Less than 1 hour","WiFi Hotspot",1
"358",358,18,1,1,0,1,3,3,3,1,4,2,3,1.555555556,1.857142857,2.9,2.333333333,"Female","Urban","Unemployed","Less than 12 years","70,000 - 100,000","Mobile Phone","Casual Games","Less than 1 hour","WiFi Hotspot",2
"359",359,17,1,1,0,1,2,3,6,1,4,1,2.444444444,1.555555556,2.285714286,2.9,2.666666667,"Female","Urban","Unemployed","Less than 12 years","30,000 - 50,000","Mobile Phone","Sports Games","Less than 1 hour","WiFi Hotspot",1
"360",360,17,1,1,0,1,2,3,6,1,4,1,1.666666667,1.666666667,2,3.2,2,"Female","Urban","Unemployed","Less than 12 years","30,000 - 50,000","Mobile Phone","Sports Games","Less than 1 hour","WiFi Hotspot",1
